SKU,Parent Product SKU,Product Name,Category,Price Type,Unit,Tax-Exclusive Price,Min Price,Max Price,Cost,Supplier Price,Product Tags,Inventory Type,Track Stock Levels,Barcode,"Komo Cafe @ TTDI_Quantity","Komo Cafe @ TTDI_Warning Stock Level","Komo Cafe @ TTDI_Ideal Stock Level","KOMO @ CYBERJAYA_Quantity","KOMO @ CYBERJAYA_Warning Stock Level","KOMO @ CYBERJAYA_Ideal Stock Level","KOMO @ JLN IPOH_Quantity","KOMO @ JLN IPOH_Warning Stock Level","KOMO @ JLN IPOH_Ideal Stock Level",Supplier,Tax Name,Store Credits,Kitchen Station,Product Id,Online Price,Online Discounted Price,Grabfood Price,Shopeefood Price,Foodpanda Price,Product Description
#Required(Must be unique),,Required,Optional,Required(Fixed/Variable/Unit),Required if the price type is Unit. Leave this field empty if the price Type is either Fixed or Variable.,Optional; 0 by default,Optional (This field can only be modified when pricing type is variable); The value should be Tax-Exclusive as per your Display Price setting in the BackOffice.,Optional (This field can only be modified when pricing type is variable); The value should be Tax-Exclusive as per your Display Price setting in the BackOffice.,Optional,Optional(this field can only be modified if 'Fix Supplier Price' is selected for at least one store in Account Settings),Optional(Use ; to separate multiple tags),Optional(Simple/Composite/Serialized; Simple by default if tracking inventory),Required; Enter 0 to disable; 1 to enable,Optional(Must be unique if specified),Optional; 0 by default if tracking inventory,Optional,Optional,Optional; 0 by default if tracking inventory,Optional,Optional,Optional; 0 by default if tracking inventory,Optional,Optional,Optional(Use ; to separate multiple suppliers),Optional,Optional,Optional; Leave it blank for Default Kitchen Station; Enter 'Do Not Print Kitchen Docket' to not print kitchen docket,Please DO NOT TOUCH this column; as it contains each product's unique reference ID. Doing so will result in unsuccessful import for all products listed in this sheet.,Optional; The value should be Tax-Exclusive as per your Display Price setting in the BackOffice.,Optional; The value should be Tax-Exclusive as per your Display Price setting in the BackOffice.,Optional; The value should be Tax-Exclusive as per your Display Price setting in the BackOffice.,Optional; The value should be Tax-Exclusive as per your Display Price setting in the BackOffice.,Optional; The value should be Tax-Exclusive as per your Display Price setting in the BackOffice.,Optional
"B01","","100 Plus Big Bottle","CAN/BEVERAGES","Fixed","","5.00","","","","","","","0","","","","","","","","","","","","","","","5f3ca1e0abe79000064969d6","","","","","",""
"B02","","100 Plus Bottle","CAN/BEVERAGES","Fixed","","4.00","","","","","","","0","","","","","","","","","","","","","","","5f3ca244d0d36a00065f0a81","","","","","",""
"B03","","100 Plus Can","CAN/BEVERAGES","Fixed","","3.00","","","","","","","0","","","","","","","","","","","","","","","5f3ca476d199ff0006f99b0c","","","","","",""
"B19","","A&W Sarsaparilla","CAN/BEVERAGES","Fixed","","2.50","","","1.50","","","","0","","","","","","","","","","","","","","","66a9a59155a38e000740c13a","","","","","",""
"B24","","ATH Tea 300ml","CAN/BEVERAGES","Fixed","","3.00","","","1.41","","","","0","","","","","","","","","","","","","","","66a9adf06d83cd000600e9bb","","","","","",""
"B18","","ATH Tea 500ml","CAN/BEVERAGES","Fixed","","4.00","","","2.13","","","","0","","","","","","","","","","","","","","","666ac6eed098970007c9518a","","","","","",""
"JI02","","AYAM ADD ON","NASI AYAM","Fixed","","6.00","","","","","","","0","","","","","","","","","","","","","","Kitchen","669e765ed07f610007fb0af4","","","","","",""
"B36","","Air Kotak","CAN/BEVERAGES","Fixed","","2.00","","","","","","","0","","","","","","","","","","","","","","","689434a27d771e0007e8868f","","","","","",""
"D01","","Air Sirap","Local Drinks","Fixed","","2.50","","","","","","","0","","","","","","","","","","","","","","","62531c23db405e0007b65e56","","","","","",""
"L29","","Ayam Goreng (SMALL)","Add on/Side dish","Fixed","","3.00","","","","","","","0","","","","","","","","","","","","","","","68943351ba793500077c17d3","","","","","",""
"L01","","Ayam Goreng Kunyit Ala Carte","Add on/Side dish","Fixed","","6.00","","","","","","","0","","","","","","","","","","","","","","Kitchen","6566e844582b7900078dc65f","","","8.00","","8.00",""
"L33","","Ayam Masak Lemak Cili Api","Add on/Side dish","Fixed","","5.00","","","","","","","0","","","","","","","","","","","","","","Kitchen","68dc9bb72aed030007d57ce7","","","","","",""
"L30","","Ayam Masak Merah","Add on/Side dish","Fixed","","5.00","","","","","","","0","","","","","","","","","","","","","","Kitchen","6894339fb0b44f00075e0d91","","","","","",""
"L02","","Ayam Rendang Ala Carte","Add on/Side dish","Fixed","","6.50","","","","","","","0","","","","","","","","","","","","","","Kitchen","6566e34a582b7900078cb97e","","","8.80","","8.80",""
"GJI01","","B/S/A-01 MEE GORENG","ALA CARTE","Fixed","","7.50","","","","","","","0","","","","","","","","","","","","","","Kitchen","669e88d7c61cf900073025d7","","","","","",""
"GJI02","","B/S/A-02 KUEY TEOW GORENG","ALA CARTE","Fixed","","7.50","","","","","","","0","","","","","","","","","","","","","","Kitchen","669e8a052d6120000700f673","","","","","",""
"GJI03","","B/S/A-03 BIHUN GORENG","ALA CARTE","Fixed","","7.50","","","","","","","0","","","","","","","","","","","","","","Kitchen","669e8a835e47a30007fa6a86","","","","","",""
"GJI04","","B/S/A-04 MAGGIE GORENG","ALA CARTE","Fixed","","7.50","","","","","","","0","","","","","","","","","","","","","","Kitchen","669e8ace990ce6000788d4f3","","","","","",""
"GJI06","","B/S/A-06 NASI GORENG KAMPUNG","ALA CARTE","Fixed","","7.50","","","","","","","0","","","","","","","","","","","","","","Kitchen","669e8b3f6408b7000700f96e","","","","","",""
"GJI07","","B/S/A-07 NASI GORENG CINA","ALA CARTE","Fixed","","7.50","","","","","","","0","","","","","","","","","","","","","","Kitchen","6703523309641b00071e4f10","","","","","",""
"BE05","","BB01 Half Boiled Egg","BREAD AND EGG","Fixed","","3.50","","","","","","","0","","","","","","","","","","","","","","","5f1f8fa35dca33000674f5e9","","","5.00","6.00","","Half Boiled Egg&nbsp;"
"SJI06","","BB02 ROTI JALA & KARI AYAM (SEKETUL)","SARAPAN","Fixed","","8.00","","","","","","","0","","","","","","","","","","","","","","Kitchen","669e819cd38fa40007bdc761","","","","","",""
"BE04","","BB03 Egg Toast Sandwich","BREAD AND EGG","Fixed","","6.50","","","","","bread","","0","","","","","","","","","","","","","","","5f3c772523bec1000661d33b","","","9.00","9.00","9.00",""
"BE03","","BB04 Tuna Toast Sandwich","BREAD AND EGG","Fixed","","7.50","","","","","","","0","","","","","","","","","","","","","","","62b02ef29bd168000895492d","","","10.00","10.00","10.00",""
"BE02","","BB05 Steamed Bread","BREAD AND EGG","Fixed","","5.00","","","","","","","0","","","","","","","","","","","","","","","5f1f8fa25dca33000674f5e6","","","7.00","7.00","7.00","Steam Bread"
"BE01","","BB05 Toasted Bread","BREAD AND EGG","Fixed","","5.00","","","","","","","0","","","","","","","","","","","","","","","5f1f8fa25dca33000674f5e3","","","7.00","7.00","7.00","Toast Bread&nbsp;"
"BE08","","BB06 Tuna Croissant Sandwich","BREAD AND EGG","Fixed","","8.50","","","","","","","0","","","","","","","","","","","","","","","655db1e1e3108e0007734c4b","","","","","",""
"BE09","","BB07 Egg Croissant Sandwich","BREAD AND EGG","Fixed","","7.50","","","","","","","0","","","","","","","","","","","","","","","655db1cc48998d00075fa085","","","","","",""
"RJI21","","BUTTER THOSAI","ROTI CANAI","Fixed","","3.00","","","","","","","0","","","","","","","","","","","","","","Kitchen","66a1bdee5814590007bedd2d","","","","","",""
"D12","","Barli","Local Drinks","Fixed","","3.50","","","","","","","0","","","","","","","","","","","","","","","669ed7d39860b400078d9ae0","","","","","",""
"FDI015","","Bergedil","","Fixed","","1.50","","","","","","","0","","","","","","","","","","","","","","Kitchen","66a0797965cb6700094ef4c7","","","3.00","","3.00",""
"BS02","","Bihun Goreng (Breakfast)","Breakfast Set","Fixed","","3.00","","","","","","","0","","","","","","","","","","","","","","","68908c4a113e5b00071c16fc","","","","","",""
"N10","","Bihun Sup Utara","Noodles","Fixed","","10.00","","","","","","","0","","","","","","","","","","","","","","Kitchen","6875d89d083d5a0007ce4d68","","","","","",""
"S01","","Biscoff Cheesecake","Dessert","Fixed","","14.60","","","","","Dessert","","0","","","","","","","","","","","","","","","6493a2efd160fb00096375dc","","","","","",""
"S02","","Bread Pudding","Dessert","Fixed","","11.00","","","","","","","0","","","","","","","","","","","","","","bar","5f4e443d9fd3f500060942f2","","","","","",""
"BSB","","Breakfast Set  B","Breakfast Set","Fixed","","12.00","","","","","","","0","","","","","","","","","","","","","","","6315a29fa5568d000728acaf","","","","","",""
"BSA","","Breakfast Set A","Breakfast Set","Fixed","","9.50","","","","","","","0","","","","","","","","","","","","","","","63159ba80f28a60007196cc2","","","","","",""
"BSC","","Breakfast Set C","Breakfast Set","Fixed","","18.00","","","","","","","0","","","","","","","","","","","","","","","6315a44ad6e8540009532d31","","","","","",""
"BSD","","Breakfast Set D","Breakfast Set","Fixed","","22.00","","","","","","","0","","","","","","","","","","","","","","","6315a59dd6c28800088be4de","","","","","",""
"S03","","Brownies","Dessert","Fixed","","12.00","","","","","","","0","","","","","","","","","","","","","","bar","5f4e4435545042000691352e","","","","","",""
"S04","","Brownies (N)","Dessert","Fixed","","10.00","","","7.20","","","","0","","","","","","","","","","","","","","","64dc95521036880007209e4d","","","","","",""
"K13","","Buah Potong","SNACKS","Fixed","","4.00","","","","","","","0","","","","","","","","","","","","","","","68f2ee5e32922c000752d078","","","","","",""
"S21","","Bubur Manis","Dessert","Fixed","","4.00","","","","","","","0","","","","","","","","","","","","","","","68597ba6d1a6f00007575293","","","","","",""
"S05","","Butter Cake","Dessert","Fixed","","9.00","","","","","","","0","","","","","","","","","","","","","","","617ce85031d62500063a8766","","","","","",""
"R01","","C01 Bubur Nasi","Rice","Fixed","","9.50","","","","","","","0","","","","","","","","","","","","","","Kitchen","5fc9e24724f5b70006bf0315","","","13.00","13.00","13.00",""
"R03","","C02 Nasi Impit & Kuah Kacang","Rice","Fixed","","5.00","","","","","","","0","","","","","","","","","","","","","","Kitchen","645c4e050e0d180007bfd7b3","","","7.00","","7.00",""
"N07","","C03 Soto Noodle","Noodles","Fixed","","9.50","","","","","","","0","","","","","","","","","","","","","","Kitchen","5fc9e20db2236a0006c5058a","","","13.00","13.00","13.00",""
"RL01","","C04 Lontong Nasi Impit","Lontong","Fixed","","8.00","","","","","","","0","","","","","","","","","","","","","","Kitchen","64558fd69b71f400074b26d2","","","10.50","10.50","10.50",""
"RL02","","C05 Lontong with Sambal Sotong","Lontong","Fixed","","14.00","","","","","","","0","","","","","","","","","","","","","","Kitchen","6396dae3600db9000717acb1","","","","","",""
"RJI16","","CHAPATI","ROTI CANAI","Fixed","","2.00","","","","","","","0","","","","","","","","","","","","","","Kitchen","66a1bd60f6847700079f70fa","","","","","",""
"RJI24","","CURRY THOSAI","ROTI CANAI","Fixed","","4.50","","","","","","","0","","","","","","","","","","","","","","Kitchen","66a1be4d65cfdf0007ac4069","","","","","",""
"D02","","Cham","Local Drinks","Fixed","","3.80","","","","","","","0","","","","","","","","","","","","","","bar","5f7eb195639efe0006bde9fc","","","","","",""
"S29","","Chocolate Burnt Cheesecake","Dessert","Fixed","","18.00","","","","","","","0","","","","","","","","","","","","","","","68dc9ede5f59460007849946","","","","","",""
"S25","","Chocolate Cream Pie","Dessert","Fixed","","18.00","","","","","","","0","","","","","","","","","","","","","","","68d10b64a9a66b00078bd1f6","","","","","",""
"P01","","Chocolate Gourmet Muffin","PASTRY","Fixed","","6.00","","","","","","","0","","","","","","","","","","","","","","Kitchen","648946e6e2a3a100081cb0c6","","","","","7.00",""
"S06","","Chocolate Moist Cake","Dessert","Fixed","","12.00","","","","","","","0","","","","","","","","","","","","","","","617ce81498825c00067cbece","","","","","",""
"P02","","Chocolate Roll","PASTRY","Fixed","","5.20","","","","","","","0","","","","","","","","","","","","","","","6317f2356f2a8e0008aefda1","","","7.00","","5.20",""
"B04","","Chrysanthemum","CAN/BEVERAGES","Fixed","","2.50","","","","","","","0","","","","","","","","","","","","","","","5f3ca10bff1fa20006ec1728","","","","","",""
"L03","","Cili Potong Add On","Add on/Side dish","Fixed","","0.50","","","","","","","0","","","","","","","","","","","","","","Kitchen","62bb45a80ad13a00078ad4b3","","","1.00","","1.00",""
"FDI018","","Coffee","","Fixed","","3.20","","","","","","","0","","","","","","","","","","","","","","bar","66a07c346e210800075ce983","","","4.60","","4.60",""
"B05","","Coke","CAN/BEVERAGES","Fixed","","3.00","","","","","","","0","","","","","","","","","","","","","","","5f3ca27eb4cc1400066d96d9","","","","","",""
"FDI016","","Curry","","Fixed","","1.00","","","","","","","0","","","","","","","","","","","","","","Kitchen","66a079aa9e388000072de85d","","","1.80","","1.80",""
"D05","","D20 Limau","Local Drinks","Fixed","","2.90","","","","","","","0","","","","","","","","","","","","","","bar","5f3fa9714227680006743c06","","","","","",""
"S24","","DOLCE DOLCI SPREAD","Dessert","Fixed","","16.00","","","","","","","0","","","","","","","","","","","","","","","68a593ea7756f90006de8724","","","","","",""
"L04","","Daging Goreng (Side)","Add on/Side dish","Fixed","","9.00","","","","","","","0","","","","","","","","","","","","","","Kitchen","64558d4c98bcf70007849300","","","12.00","","12.00",""
"L27","","Daging Goreng (Small)","Add on/Side dish","Fixed","","4.00","","","","","","","0","","","","","","","","","","","","","","Kitchen","66d5d988344f3a0007b72e6f","","","","","",""
"L05","","Deep fried dumpling","Add on/Side dish","Fixed","","7.00","","","3.50","","","","0","","","","","","","","","","","","","","Kitchen","64ff8206c4b54700070ec311","","","","","",""
"K08","","Dim Sum","SNACKS","Fixed","","2.00","","","","","","","0","","","","","","","","","","","","","","","675bf7da2af8b40007e397e4","","","","","",""
"FDI001","","Dry Wantan Noodle with Black Tea","","Fixed","","16.50","","","","","Shopee","","0","","","","","","","","","","","","","","Kitchen","66a0745c03cb7600079decb4","","","","16.50","",""
"RJI22","","EGG THOSAI","ROTI CANAI","Fixed","","3.00","","","","","","","0","","","","","","","","","","","","","","Kitchen","66a1be08ce94310007a5f9da","","","","","",""
"B26","","EXTRAJOSS","CAN/BEVERAGES","Fixed","","2.50","","","","","","","0","","","","","","","","","","","","","","","66b729dd80face00078e003d","","","","","",""
"B43","","F&N 500ml","CAN/BEVERAGES","Fixed","","4.00","","","","","","","0","","","","","","","","","","","","","","","6970a406703f8400087f7693","","","","","",""
"D10","","FRUIT JUICE","FRUIT JUICE","Fixed","","7.00","","","","","","","0","","","","","","","","","","","","","","","64d45d69051eae000767e1d0","","","","","",""
"B20","","Fanta","CAN/BEVERAGES","Fixed","","3.00","","","","","","","0","","","","","","","","","","","","","","","66a9a6227f097e00075895c1","","","","","",""
"P03","","French Style Croissant","PASTRY","Fixed","","5.00","","","","","","","0","","","","","","","","","","","","","","","6317f21a2a48e10008c9a857","","","6.80","","6.80",""
"L06","","Fried Chicken","Add on/Side dish","Fixed","","9.90","","","","","","","0","","","","","","","","","","","","","","Kitchen","5f4e8a37a373830006aecaef","","","13.50","","13.50",""
"K06","","Fried Chicken Drummets","SNACKS","Fixed","","12.00","","","","","","","0","","","","","","","","","","","","","","Kitchen","65f7a03a8936000007afb7f4","","","","","",""
"FDI014","","Fried Egg","","Fixed","","1.50","","","","","","","0","","","","","","","","","","","","","","Kitchen","66a0785a8127ab0006182d09","","","2.80","","2.80",""
"FDI013","","Full Boiled Egg","","Fixed","","1.50","","","","","Grab","","0","","","","","","","","","","","","","","Kitchen","66a0780e75fb6c0008745266","","","2.50","","",""
"B23","","Fuze Tea","CAN/BEVERAGES","Fixed","","3.00","","","","","","","0","","","","","","","","","","","","","","","66a9acb4b0dd7600062f9f5a","","","","","",""
"RJI19","","GHEE THOSAI","ROTI CANAI","Fixed","","3.50","","","","","","","0","","","","","","","","","","","","","","Kitchen","66a1bdb3c6ff330007c61bef","","","","","",""
"GJI13","","GORENG HAILAM","ALA CARTE","Fixed","","10.00","","","","","","","0","","","","","","","","","","","","","","Kitchen","670355713f8ade0007e78938","","","","","",""
"GJI12","","GORENG LADNA","ALA CARTE","Fixed","","10.00","","","","","","","0","","","","","","","","","","","","","","Kitchen","6703552f3f8ade0007e77efe","","","","","",""
"GJI14","","GORENG PADPRIK","ALA CARTE","Fixed","","10.00","","","","","","","0","","","","","","","","","","","","","","Kitchen","670355bbc5a5050007328f4d","","","","","",""
"GJI11","","GORENG SINGAPORE","ALA CARTE","Fixed","","10.00","","","","","","","0","","","","","","","","","","","","","","Kitchen","670354f1735b590007fdab64","","","","","",""
"B06","","Ginger Ale","CAN/BEVERAGES","Fixed","","3.00","","","","","","","0","","","","","","","","","","","","","","","61c41ae9e84207000641acd4","","","","","",""
"B07","","Glaceau Vitamin Water","CAN/BEVERAGES","Fixed","","5.00","","","","","","","0","","","","","","","","","","","","","","","617693247fec71000619ddc3","","","","","",""
"BS03","","Goreng (Event)","Breakfast Set","Fixed","","4.00","","","","","","","0","","","","","","","","","","","","","","","68967af5af5f0b00079b1682","","","","","",""
"B08","","Heaven & Earth: Ice Lemon Tea","CAN/BEVERAGES","Fixed","","3.00","","","","","","","0","","","","","","","","","","","","","","","5f3ca285abe790000649789d","","","","","",""
"B09","","Heaven & Earth: Passion Fruit","CAN/BEVERAGES","Fixed","","3.00","","","","","","","0","","","","","","","","","","","","","","","5f3ca187d0d36a00065ef540","","","","","",""
"B40","","Ice Mountain Mineral Water","CAN/BEVERAGES","Fixed","","2.50","","","","","","","0","","","","","","","","","","","","","","","695dcf2d5029d8000749df23","","","","","",""
"DD1","","Ice Water","Local Drinks","Fixed","","0.50","","","","","","","0","","","","","","","","","","","","","","","5f548d8a6435150006237cd2","","","","","",""
"L07","","Ikan Bilis","Add on/Side dish","Fixed","","0.50","","","","","","","0","","","","","","","","","","","","","","Kitchen","62bb463db7eac5000767d85b","","","","","",""
"ACI01","","Ikan Goreng Ala Carte","Add on/Side dish","Fixed","","10.00","","","","","","","0","","","","","","","","","","","","","","Kitchen","6858c87d048b090007c7871f","","","","","",""
"L36","","Ikan Keli Sambal","Add on/Side dish","Fixed","","5.00","","","","","","","0","","","","","","","","","","","","","","Kitchen","68f227408f57a4000741eea8","","","","","",""
"L34","","Ikan Tongkol Sambal","Add on/Side dish","Fixed","","5.00","","","","","","","0","","","","","","","","","","","","","","Kitchen","68dc9bf1dc9e0d000764570a","","","","","",""
"B35","","JUS NANAS","CAN/BEVERAGES","Fixed","","8.50","","","","","","","0","","","","","","","","","","","","","","","6888476b7da0db0007ef67b4","","","","","",""
"B10","","Justea White Grape","CAN/BEVERAGES","Fixed","","3.00","","","","","","","0","","","","","","","","","","","","","","","5f3ca22cff1fa20006ec4c09","","","","","",""
"K03","","K01 Fries","SNACKS","Fixed","","5.00","","","","","","","0","","","","","","","","","","","","","","Kitchen","65f79e3be5e0340006fe20ca","","","","","",""
"K04","","K02 Fried Wantan","SNACKS","Fixed","","4.00","","","","","","","0","","","","","","","","","","","","","","Kitchen","65f79f3630125200062f1682","","","","","",""
"K01","","K03 Fried Chicken Nugget","SNACKS","Fixed","","7.00","","","","","","","0","","","","","","","","","","","","","","Kitchen","65f79d889b1bba0007aeaf57","","","","","",""
"K02","","K04 Chicken Sausage","SNACKS","Fixed","","9.00","","","","","","","0","","","","","","","","","","","","","","Kitchen","65f79dedaf70e6000765850e","","","","","",""
"K09","","K05 Cekodok Pisang","SNACKS","Fixed","","1.00","","","","","","","0","","","","","","","","","","","","","","Kitchen","67a043f5f735ca00074899d4","","","","","",""
"K18","","K06 Cucur Udang","SNACKS","Fixed","","5.00","","","","","","","0","","","","","","","","","","","","","","Kitchen","69590ba65dea4d000624e64e","","","","","",""
"K14","","K07 Karipap Pusing","SNACKS","Fixed","","5.00","","","","","","","0","","","","","","","","","","","","","","","6909d67e0790170007bbf857","","","","","",""
"K17","","K08 Keropok Lekor","SNACKS","Fixed","","3.00","","","","","","","0","","","","","","","","","","","","","","Kitchen","6958e81436afab0007972a85","","","","","",""
"K19","","K19 Crispy Mix Platter","SNACKS","Fixed","","20.00","","","","","","","0","","","","","","","","","","","","","","Kitchen","69a188f412a44b0007187e9f","","","","","",""
"L08","","Kacang","Add on/Side dish","Fixed","","0.50","","","","","","","0","","","","","","","","","","","","","","Kitchen","62bb46279cdc4a00084b0fec","","","","","",""
"L21","","Kari Ayam Ala Carte","Add on/Side dish","Fixed","","5.00","","","","","","","0","","","","","","","","","","","","","","","66545de71f1bd0000762e57c","","","","","",""
"L31","","Kari Daging Cincang","Add on/Side dish","Fixed","","5.00","","","","","","","0","","","","","","","","","","","","","","","68d20e3171ab260007cee525","","","","","",""
"K10","","Karipap Gorgon","SNACKS","Fixed","","3.00","","","","","","","0","","","","","","","","","","","","","","Kitchen","67a0445b5c393c000709443e","","","","","",""
"B39","","Kickapoo","CAN/BEVERAGES","Fixed","","3.00","","","","","","","0","","","","","","","","","","","","","","","695786077f631f00064bbfb2","","","","","",""
"S07","","Komo Gelato","Dessert","Fixed","","6.50","","","","","","","0","","","","","","","","","","","","","","bar","5f4e459f0f06940006e203fd","","","","","",""
"D03","","Kopi","Local Drinks","Fixed","","2.50","","","","","","","0","","","","","","","","","","","","","","bar","5f3fa7fa422768000673ff70","","","","","",""
"S08","","Kremmy Dadih","Dessert","Fixed","","3.30","","","3.00","","","","0","","","","","","","","","","","","","","bar","5f4e460c9e4af700069b1aa6","","","","","",""
"FDI004","","Laksa with Black Tea","","Fixed","","16.50","","","","","Shopee","","0","","","","","","","","","","","","","","Kitchen","66a0755048164900072a07a3","","","","16.50","",""
"L35","","Lauk Sayur","Add on/Side dish","Fixed","","3.00","","","","","","","0","","","","","","","","","","","","","","","68dc9c239e082a0008992c21","","","","","",""
"D04","","Lemon","Local Drinks","Fixed","","3.00","","","","","","","0","","","","","","","","","","","","","","","5f7eb0e9341f4100062674ba","","","","","",""
"FDI021","","Lemon Tea","","Fixed","","3.50","","","","","","","0","","","","","","","","","","","","","","bar","66a07cf3d5d6f1000733a244","","","4.60","","4.60",""
"B27","","Lemon Tea @ Jln Ipoh","CAN/BEVERAGES","Fixed","","3.50","","","","","","","0","","","","","","","","","","","","","","","66b72b41f772d00007901c12","","","","","",""
"S27","","Loaded Potato Bowl","Dessert","Fixed","","6.00","","","","","","","0","","","","","","","","","","","","","","","68d10bce1393e600071ae6e5","","","","","",""
"S16","","Marble Cake","Dessert","Fixed","","3.90","","","2.20","","Dessert","","0","","","","","","","","","","","","","","","64a670642b28a40007cebf7f","","","","","",""
"B30","","Marigold HL Low Fat Milk 200ml","CAN/BEVERAGES","Fixed","","3.00","","","1.97","","","","0","","","","","","","","","","","","","","","66ec3646a2b7cc00071246f7","","","","","",""
"B31","","Marigold Jelly/Pudding 123g","CAN/BEVERAGES","Fixed","","4.50","","","2.87","","","","0","","","","","","","","","","","","","","","66ec37924e15d60006965743","","","","","",""
"B32","","Marigold Peel Fresh 300ml","CAN/BEVERAGES","Fixed","","3.00","","","2.14","","","","0","","","","","","","","","","","","","","","66ec38daa2b7cc0007129664","","","","","",""
"B34","","Marigold Yogurt 130g","CAN/BEVERAGES","Fixed","","3.00","","","2.00","","","","0","","","","","","","","","","","","","","","66ec3a3860b0830007c2d669","","","","","",""
"B33","","Marigold Yogurt Drink 200g","CAN/BEVERAGES","Fixed","","3.00","","","2.00","","","","0","","","","","","","","","","","","","","","66ec398e4b79c30008ce4d47","","","","","",""
"N09","","Mee Bakso","Noodles","Fixed","","9.50","","","","","","","0","","","","","","","","","","","","","","Kitchen","6875d61eb3ecf30007582fba","","","","","",""
"FDI006","","Mee Curry with Black Tea","","Fixed","","18.00","","","","","Shopee","","0","","","","","","","","","","","","","","Kitchen","66a07590f1db590007f15191","","","","18.00","",""
"PS01","","Mee Kari PS","","Fixed","","16.20","","","","","","Simple","1","","","","","","","","","","","","ST","","Do Not Print Kitchen Docket","67e263f10ae22e0007cd1c93","","","","","",""
"FDI003","","Mee Kolok with Black Tea","","Fixed","","16.50","","","","","Shopee","","0","","","","","","","","","","","","","","Kitchen","66a0752ce79f65000769dc78","","","","16.50","",""
"MR01","","Menu Rahmah Nasi Lemak Telur","Rice","Fixed","","5.00","","","","","","","0","","","","","","","","","","","","","","Kitchen","64be344bc44b33000b24d2fa","","","","","",""
"D06","","Milo","Local Drinks","Fixed","","3.50","","","","","","","0","","","","","","","","","","","","","","bar","5f3fa8dd4656fd000621bfde","","","","","",""
"FDI020","","Milo Drink","","Fixed","","3.50","","","","","","","0","","","","","","","","","","","","","","bar","66a07cafe0a34c0006d685d1","","","4.60","","4.60",""
"P04","","Mini Cinnamon Whirl","PASTRY","Fixed","","3.00","","","","","","","0","","","","","","","","","","","","","","","6317f24b6a521b00089c5438","","","4.00","","",""
"P05","","Mini Mocha Whirl","PASTRY","Fixed","","3.00","","","","","","","0","","","","","","","","","","","","","","","634cd92d8fa4da000984e7c3","","","4.00","","",""
"P06","","Mini Pie - Black Pepper Chicken","PASTRY","Fixed","","6.30","","","","","","","0","","","","","","","","","","","","","","","6317f296cc74ae0007511010","","","8.50","","",""
"P07","","Mini Pie - Chicken Mushroom","PASTRY","Fixed","","6.30","","","","","","","0","","","","","","","","","","","","","","","6317f275b042580007f81c15","","","8.50","","8.50",""
"B17","","Minute Maid 300ml (BOTTLE)","CAN/BEVERAGES","Fixed","","3.50","","","1.86","","","","0","","","","","","","","","","","","","","","666ac5dac9d44c0007905b3b","","","","","",""
"B42","","Mountain Dew 200ml","CAN/BEVERAGES","Fixed","","3.00","","","","","","","0","","","","","","","","","","","","","","","69637bad87e0780007425c69","","","","","",""
"BE10","","Mushroom Sandwich","BREAD AND EGG","Fixed","","8.00","","","","","","","0","","","","","","","","","","","","","","","64559a8d6eb32d000919669d","","","","","",""
"N01","","N01 Dry Wantan Noodle","Noodles","Fixed","","9.50","","","","","","","0","","","","","","","","","","","","","","Kitchen","5f1f8fa25dca33000674f5bf","","","13.00","13.00","13.00","Wantan noodle, Shredded Chicken, Fish Cake, Pak choi"
"N03","","N02 Mee Kolok","Noodles","Fixed","","9.50","","","","","","","0","","","","","","","","","","","","","","Kitchen","5f1f8fa25dca33000674f5c8","","","13.00","13.00","13.00","Kolok Mee, Minced Chicken, Pak Choi, Plain Soup, Fishball"
"N02","","N03 Wantan Noodle Soup","Noodles","Fixed","","9.50","","","","","","","0","","","","","","","","","","","","","","Kitchen","5f1f8fa25dca33000674f5c2","","","13.00","13.00","13.00","Wantan Noodle, Pak Choi, Fish cake, Shredded Chicken,Chicken Dumpling"
"N04","","N04 Mee / Wantan Noodle Curry","Noodles","Fixed","","10.50","","","","","","","0","","","","","","","","","","","","","","Kitchen","5f1f8fa25dca33000674f5c5","","","14.00","14.00","14.00","Yellow Noodle/Wantan Noodle, Long Bean, Fish Ball,Fish Cake, Bean Sprouts, Dry Tofu, Cockle"
"N06","","N05 Prawn Mee","Noodles","Fixed","","10.50","","","","","","","0","","","","","","","","","","","","","","Kitchen","5f1f8fa25dca33000674f5cb","","","14.00","14.00","14.00","Yellow Mee/Bihun, Kangkung, Bean Sprouts, Fish Cake, Egg, Prawn"
"N08","","N06 Pan Mee (Dry/Soup)","Noodles","Fixed","","10.50","","","","","","","0","","","","","","","","","","","","","","Kitchen","646c38abc8f27a00060a32a7","","","14.00","14.00","14.00",""
"N05","","N07 Laksa Komo","Noodles","Fixed","","9.50","","","","","","","0","","","","","","","","","","","","","","Kitchen","5f1f8fa25dca33000674f5ce","","","13.00","13.00","13.00","Rice Noodle, Egg, Timun, Bawang Hiris, Daun Salom, Bunga Kantan, Chili Padi"
"JI03","","NASI AYAM ADD ON","NASI AYAM","Fixed","","2.50","","","","","","","0","","","","","","","","","","","","","","Kitchen","669e769d9fee17000711b4ed","","","","","",""
"GJI05","","NASI GORENG","ALA CARTE","Fixed","","7.50","","","","","","","0","","","","","","","","","","","","","","Kitchen","669e8b0a9ff8b00007daf0a4","","","","","",""
"GJI15","","NASI GORENG AYAM MERAH","ALA CARTE","Fixed","","10.00","","","","","","","0","","","","","","","","","","","","","","Kitchen","670356252a3f110008305032","","","","","",""
"GJI16","","NASI GORENG DAGING MERAH","ALA CARTE","Fixed","","10.00","","","","","","","0","","","","","","","","","","","","","","Kitchen","6703565091bcf900075f2962","","","","","",""
"GJI08","","NASI GORENG IKAN MASIN","ALA CARTE","Fixed","","7.50","","","","","","","0","","","","","","","","","","","","","","Kitchen","67035414d2098f00076f1fad","","","","","",""
"GJI09","","NASI GORENG KERABU","ALA CARTE","Fixed","","7.50","","","","","","","0","","","","","","","","","","","","","","Kitchen","6703543b2a3f1100083009f9","","","","","",""
"GJI10","","NASI GORENG SARDIN","ALA CARTE","Fixed","","9.50","","","","","","","0","","","","","","","","","","","","","","Kitchen","6703546b095ff5000736feb0","","","","","",""
"GJI17","","NASI GORENG U.S.A.","ALA CARTE","Fixed","","10.00","","","","","","","0","","","","","","","","","","","","","","Kitchen","6703566ae8172600073e0d94","","","","","",""
"GJI24","","NASI PUTIH + SUP","ALA CARTE","Fixed","","10.00","","","","","","","0","","","","","","","","","","","","","","Kitchen","67035828244f1800072aad3d","","","","","",""
"GJI25","","NASI PUTIH + TOMYAM","ALA CARTE","Fixed","","10.00","","","","","","","0","","","","","","","","","","","","","","Kitchen","670359690aa849000795a613","","","","","",""
"GJI20","","NASI PUTIH AYAM KICAP","ALA CARTE","Fixed","","10.00","","","","","","","0","","","","","","","","","","","","","","Kitchen","67035729d639ae00070367a4","","","","","",""
"GJI18","","NASI PUTIH AYAM MERAH","ALA CARTE","Fixed","","10.00","","","","","","","0","","","","","","","","","","","","","","Kitchen","670356ed365ec60007a9d079","","","","","",""
"GJI19","","NASI PUTIH AYAM PADPRIK","ALA CARTE","Fixed","","10.00","","","","","","","0","","","","","","","","","","","","","","Kitchen","67035712f6e6b000079b777a","","","","","",""
"GJI23","","NASI PUTIH DAGING KICAP","ALA CARTE","Fixed","","10.00","","","","","","","0","","","","","","","","","","","","","","Kitchen","6703578fe8172600073e36bc","","","","","",""
"GJI21","","NASI PUTIH DAGING MERAH","ALA CARTE","Fixed","","10.00","","","","","","","0","","","","","","","","","","","","","","Kitchen","67035742eca080000610229e","","","","","",""
"GJI22","","NASI PUTIH DAGING PADPRIK","ALA CARTE","Fixed","","10.00","","","","","","","0","","","","","","","","","","","","","","Kitchen","670357692a3f11000830805f","","","","","",""
"L09","","Nasi Ayam Add on","Add on/Side dish","Fixed","","2.50","","","","","","","0","","","","","","","","","","","","","","Kitchen","62bb45d1f854d300074fa93a","","","3.50","","3.50",""
"R14","","Nasi Ayam Komo (Small)","Rice","Fixed","","12.00","","","","","","","0","","","","","","","","","","","","","","Kitchen","66c8d609ec6db50007da5384","","","","","",""
"R21","","Nasi Lemak (Jalan Ipoh)","","Fixed","","3.50","","","","","","","0","","","","","","","","","","","","","","","68d20f3c27551b000722b1ee","","","","","",""
"L10","","Nasi Lemak Add On","Add on/Side dish","Fixed","","2.00","","","","","","","0","","","","","","","","","","","","","","Kitchen","5f4e8a579fd3f500060e3b03","","","2.50","","2.50",""
"FDI009","","Nasi Lemak Ayam Goreng with Black Tea","","Fixed","","22.00","","","","","Shopee","","0","","","","","","","","","","","","","","Kitchen","66a0764cb2c3e60007aa6f93","","","","22.00","",""
"FDI010","","Nasi Lemak Ayam Rendang with Black Tea","","Fixed","","19.50","","","","","Shopee","","0","","","","","","","","","","","","","","Kitchen","66a07698b2c3e60007aa7b95","","","","19.50","",""
"BS01","","Nasi Lemak Bungkus","Breakfast Set","Fixed","","2.50","","","","","","","0","","","","","","","","","","","","","","","68908c04ce36d2000741bbf5","","","","","",""
"FDI008","","Nasi Lemak with Black Tea","","Fixed","","9.00","","","","","Shopee","","0","","","","","","","","","","","","","","Kitchen","66a075efe0a34c0006d58c12","","","","9.00","",""
"L11","","Nasi Putih Add On","Add on/Side dish","Fixed","","1.50","","","","","","","0","","","","","","","","","","","","","","Kitchen","5f4e8a919e4af70006a00fb0","","","2.00","","2.00",""
"FDI012","","Nasi Putih Ayam Goreng Kunyit with Black Tea","","Fixed","","18.00","","","","","Shopee","","0","","","","","","","","","","","","","","Kitchen","66a076ee75fb6c000874265c","","","","18.00","",""
"R10","","Nasi Putih Ayam Sambal Hijau","Rice","Fixed","","14.50","","","","","","","0","","","","","","","","","","","","","","Kitchen","646c37a7d513f60007e9c0ec","","","","","",""
"FDI011","","Nasi Putih Set Ayam Goreng with Black Tea","","Fixed","","22.50","","","","","Shopee","","0","","","","","","","","","","","","","","Kitchen","66a076bab2c3e60007aa8079","","","","22.50","",""
"R20","","Nasi Putih Sup Tulang","Rice","Fixed","","15.00","","","","","","","0","","","","","","","","","","","","","","","6875d7363a8fa400075eb9e6","","","","","",""
"D07","","Nescafe","Local Drinks","Fixed","","3.50","","","","","","","0","","","","","","","","","","","","","","bar","5f1f8fa35dca33000674f607","","","","","",""
"FDI019","","Nescafe (Jln Ipoh)","","Fixed","","3.50","","","","","","","0","","","","","","","","","","","","","","bar","66a07c756b24ba0007c6e76e","","","4.60","","4.60",""
"D11","","Neslo","Local Drinks","Fixed","","4.00","","","","","","","0","","","","","","","","","","","","","","","65a889a12cf91e0007c9137d","","","","","",""
"S20","","New York Cheese Cake","Dessert","Fixed","","13.60","","","","","","","0","","","","","","","","","","","","","","","66c8db22871bd00007d47ec6","","","","","",""
"S18","","Nutella Cheesecake","Dessert","Fixed","","16.00","","","","","","","0","","","","","","","","","","","","","","","67239230a1e19e0007e4de66","","","","","",""
"S09","","Nutella Chocolate Cake","Dessert","Fixed","","12.50","","","9.38","","Dessert","","0","","","","","","","","","","","","","","","64a6941cca18a70008d48ecd","","","15.50","","13.00",""
"K15","","OLI Drinks","SNACKS","Fixed","","2.50","","","","","","","0","","","","","","","","","","","","","","","6909d6d84ab2ac000723fdfd","","","","","",""
"RJI23","","ONION THOSAI","ROTI CANAI","Fixed","","3.00","","","","","","","0","","","","","","","","","","","","","","Kitchen","66a1be2c2929b900076428a2","","","","","",""
"RJI20","","PAPER THOSAI","ROTI CANAI","Fixed","","3.00","","","","","","","0","","","","","","","","","","","","","","Kitchen","66a1bdd06d83cd00063d011f","","","","","",""
"RJI18","","PLAIN THOSAI","ROTI CANAI","Fixed","","2.00","","","","","","","0","","","","","","","","","","","","","","Kitchen","66a1bd94ce94310007a5e321","","","","","",""
"RJI17","","POORI","ROTI CANAI","Fixed","","2.00","","","","","","","0","","","","","","","","","","","","","","Kitchen","66a1bd7cdb21d600079e6f18","","","","","",""
"PS02","","Pan Mee Soup Ps","","Fixed","","16.20","","","","","","Simple","1","","","","","","","","","","","","ST","","Do Not Print Kitchen Docket","67e2672a347dd100083cf006","","","","","",""
"S19","","Pandan Burnt Cheesecake","Dessert","Fixed","","14.50","","","","","","","0","","","","","","","","","","","","","","","672392ec69a9780007c7f9e1","","","","","",""
"S10","","Pandan Gula Melaka","Dessert","Fixed","","11.50","","","8.75","","Dessert","","0","","","","","","","","","","","","","","","6493a09c13c5ad00074b6c19","","","15.00","","15.00",""
"S28","","Peria Goreng","Dessert","Fixed","","15.00","","","","","","","0","","","","","","","","","","","","","","","68d10c05ae10a200076c0071","","","","","",""
"S11","","Pie","Dessert","Fixed","","11.50","","","","","Dessert","","0","","","","","","","","","","","","","","","5fc9e1baaa6ad60006fb3976","","","","","",""
"K12","","Pisang Goreng (2 pcs)","SNACKS","Fixed","","1.00","","","","","","","0","","","","","","","","","","","","","","","68d21560c7bf7c0007aa105e","","","","","",""
"SS1","","Plain Cake","Dessert","Fixed","","12.00","","","","","","","0","","","","","","","","","","","","","","bar","5f4e43ec7cd7e40006ca324e","","","","","",""
"K05","","Popiah Otak-Otak","SNACKS","Fixed","","6.50","","","","","","","0","","","","","","","","","","","","","","Kitchen","65f79fb801f77700072e25fb","","","","","",""
"FDI007","","Prawn Mee with Black Tea","","Fixed","","18.00","","","","","Shopee","","0","","","","","","","","","","","","","","Kitchen","66a075ca03cb7600079e1f97","","","","18.00","",""
"S12","","Pudding Caramel","Dessert","Fixed","","3.00","","","","","Dessert","","0","","","","","","","","","","","","","","","64939faa08443b0006dd8b17","","","","","",""
"R16","","Pulut Kuning","Rice","Fixed","","10.00","","","","","","","0","","","","","","","","","","","","","","Kitchen","68597d43d24ff400076d6b39","","","","","",""
"B29","","QOO White Grape 300ML","CAN/BEVERAGES","Fixed","","3.00","","","1.56","","","","0","","","","","","","","","","","","","","","66cee6fb35b8b10007b27606","","","","","",""
"R15","","R01 Nasi Lemak","Rice","Fixed","","3.50","","","","","","","0","","","","","","","","","","","","","","Kitchen","5f1f8fa25dca33000674f5d1","","","6.00","7.00","6.00",""
"R05","","R02 Nasi Lemak Ayam Goreng","Rice","Fixed","","13.50","","","","","","","0","","","","","","","","","","","","","","Kitchen","5f1f8fa25dca33000674f5d7","","","18.00","18.00","18.00","Coconut Rice, Cucumber, Anchovies, Egg, Peanuts, Sambal, Fried Chicken"
"R06","","R03 Nasi Lemak Ayam Rendang","Rice","Fixed","","11.00","","","","","","","0","","","","","","","","","","","","","","Kitchen","5f1f8fa25dca33000674f5d4","","","16.00","16.00","16.00","Coconut Rice, Cucumber, Anchovies, Egg, Peanuts, Sambal, Chicken Rendang"
"R07","","R04 Nasi Lemak Telur Goreng","Rice","Fixed","","5.00","","","","","","","0","","","","","","","","","","","","","","Kitchen","5f4e3e49a373830006a88d90","","","","","",""
"R02","","R05 Nasi Ayam Komo","Rice","Fixed","","15.00","","","","","","","0","","","","","","","","","","","","","","Kitchen","5f4e40337818340006ccdbba","","","20.50","","20.50",""
"R08","","R06 Nasi Putih Ayam Goreng Komo","Rice","Fixed","","14.50","","","","","","","0","","","","","","","","","","","","","","Kitchen","5f1f8fa25dca33000674f5dd","","","19.50","19.50","19.50","Rice, Curry, Sambal Belacan, Fried Chicken"
"R09","","R07 Nasi Putih Ayam Goreng Kunyit","Rice","Fixed","","10.50","","","","","","","0","","","","","","","","","","","","","","Kitchen","5f1f8fa25dca33000674f5e0","","","14.00","14.00","14.00","Rice, Tumeric Fried Chicken, and Our Spicy Sambal Belacan"
"R12","","R08-R10 Nasi Putih Ikan Goreng","Rice","Fixed","","13.50","","","","","","","0","","","","","","","","","","","","","","Kitchen","6396f9ebc91bc3000722258e","","","","","",""
"R11","","R11 Nasi Putih Daging Goreng","Rice","Fixed","","13.50","","","","","","","0","","","","","","","","","","","","","","Kitchen","645589e482f1260007cb97d3","","","18.00","","18.00",""
"R17","","R12 Nasi Putih Kari Daging","Rice","Fixed","","15.00","","","","","","","0","","","","","","","","","","","","","","Kitchen","6875d3f35ea41a0007455c72","","","","","",""
"R18","","R13 Nasi Putih Kari Kambing","Rice","Fixed","","17.00","","","","","","","0","","","","","","","","","","","","","","Kitchen","6875d45efafa9600078332e8","","","","","",""
"R19","","R14 Nasi Putih Ayam Kampung","Rice","Fixed","","15.00","","","","","","","0","","","","","","","","","","","","","","Kitchen","6875d5880132290006e0edb4","","","","","",""
"RK01","","RAMADHAN BUFFET","","Fixed","","30.00","","","","","","","0","","","","","","","","","","","","","","","65e6f4b6cb3c9b00069b213b","","","","","",""
"CP01","","RM0.10","Custom price","Fixed","","0.10","","","","","","","0","","","","","","","","","","","","","","","5f4e8d3efa9df60006d50ff6","","","","","",""
"CP02","","RM0.20","Custom price","Fixed","","0.20","","","","","","","0","","","","","","","","","","","","","","","5f4e8d67a373830006aed132","","","","","",""
"CP03","","RM0.50","Custom price","Fixed","","0.50","","","","","","","0","","","","","","","","","","","","","","","5f4e8d885450420006969050","","","","","",""
"CP04","","RM1.00","Custom price","Fixed","","1.00","","","","","","","0","","","","","","","","","","","","","","","5f4e8dab9e4af70006a01544","","","","","",""
"CP05","","RM10.00","Custom price","Fixed","","10.00","","","","","","","0","","","","","","","","","","","","","","","5f4e8dd5c72507000655f06b","","","","","",""
"CP06","","RM5.00","Custom price","Fixed","","5.00","","","","","","","0","","","","","","","","","","","","","","","5f4e8dbd3664a300062275f4","","","","","",""
"SJI01","","ROTI BAKAR","SARAPAN","Fixed","","4.00","","","","","","","0","","","","","","","","","","","","","","","669e80d89a0b9100076064bc","","","","","",""
"RJI27","","ROTI CANAI SET","ROTI CANAI","Fixed","","2.00","","","","","","","0","","","","","","","","","","","","","","","68eedc3a0d7a88000749d6cb","","","","","",""
"SJI02","","ROTI KUKUS","SARAPAN","Fixed","","4.00","","","","","","","0","","","","","","","","","","","","","","","669e80f1c3888700075755f4","","","","","",""
"SJI07","","ROTI KUKUS & KARI AYAM (SEKETUL)","SARAPAN","Fixed","","8.00","","","","","","","0","","","","","","","","","","","","","","Kitchen","669e81be85fb2500073ee14a","","","","","",""
"RJI11","","ROTI SARANG BURUNG","ROTI CANAI","Fixed","","6.00","","","","","","","0","","","","","","","","","","","","","","Kitchen","66a1bc66d3ee3f00073db322","","","","","",""
"S13","","Raspberry Pistachio","Dessert","Fixed","","13.50","","","10.94","","Dessert","","0","","","","","","","","","","","","","","","6493a4512a12a30007c45794","","","","","",""
"S14","","Red Velvet Nutella","Dessert","Fixed","","11.00","","","9.06","","Dessert","","0","","","","","","","","","","","","","","","6493a4b0648db7000797474b","","","","","",""
"L22","","Rendang Daging","Add on/Side dish","Fixed","","4.00","","","","","","","0","","","","","","","","","","","","","","Kitchen","66c8d78ada730500077e2aeb","","","","","",""
"B11","","Revive Bottle","CAN/BEVERAGES","Fixed","","4.00","","","","","","","0","","","","","","","","","","","","","","","5f3ca14f9469540006168144","","","","","",""
"B12","","Revive Can","CAN/BEVERAGES","Fixed","","3.00","","","","","","","0","","","","","","","","","","","","","","","602645b6fb7ccd0006c872ed","","","","","",""
"D13","","Ribena","Local Drinks","Fixed","","4.50","","","","","","","0","","","","","","","","","","","","","","","6890849f5eadcf0007ba919b","","","","","",""
"L12","","Roasted Chicken","Add on/Side dish","Fixed","","9.90","","","","","","","0","","","","","","","","","","","","","","Kitchen","624d2f26c0e816000904c307","","","13.50","","13.50",""
"BE13","","Roti Jala & Kuah Kari","BREAD AND EGG","Fixed","","3.50","","","","","","","0","","","","","","","","","","","","","","","66b72cc680face00078e8450","","","","","",""
"BE06","","Roti Jala (5pcs) with Curry Ayam Seketul","BREAD AND EGG","Fixed","","8.00","","","","","","","0","","","","","","","","","","","","","","Kitchen","6396ef6f8e437e000754f09b","","","11.00","11.00","11.00",""
"BE07","","Roti with Curry Ayam","BREAD AND EGG","Fixed","","9.00","","","","","","","0","","","","","","","","","","","","","","Kitchen","64558f396eb32d000918bf7a","","","12.00","","12.00",""
"BE11","","Roti with Kuah Durian","BREAD AND EGG","Fixed","","10.00","","","","","","","0","","","","","","","","","","","","","","Kitchen","65a6755de4da72000797927d","","","","","",""
"JI04","","SAMBAL ADD ON","NASI AYAM","Fixed","","1.00","","","","","","","0","","","","","","","","","","","","","","Kitchen","669e76d3f1ee6000074a4dc2","","","","","",""
"SJI04","","SANDWICH TELUR","SARAPAN","Fixed","","6.00","","","","","","","0","","","","","","","","","","","","","","","669e8146f9b9ad000734aec6","","","","","",""
"SJI03","","SANDWICH TUNA","SARAPAN","Fixed","","7.00","","","","","","","0","","","","","","","","","","","","","","","669e8132c61cf900072ff66d","","","","","",""
"D14","","SD05 Teh Bunga Laici","Local Drinks","Fixed","","8.50","","","","","","","0","","","","","","","","","","","","","","","689084d63023990008dbbe76","","","","","",""
"D15","","SD07 Zapple Kasturi","Local Drinks","Fixed","","8.50","","","","","","","0","","","","","","","","","","","","","","","68908544fb5efb0007761183","","","","","",""
"JI01","","SET NASI AYAM KOMO","NASI AYAM","Fixed","","8.00","","","","","","","0","","","","","","","","","","","","","","Kitchen","669e7407bf083000067860b4","","","","","",""
"SM01","","SM01 Dry Wantan Noodle Special","Noodles","Fixed","","15.00","","","","","","","0","","","","","","","","","","","","","","Kitchen","5f4f6bd0c4b1f500061d62c4","","","","20.50","",""
"SM02","","SM02 Mee Kolok Special","Noodles","Fixed","","15.00","","","","","","","0","","","","","","","","","","","","","","Kitchen","5f4f6bf83b160300066bb3a3","","","","20.50","",""
"SM03","","SM03 Wantan Noodle Soup Special","Noodles","Fixed","","15.00","","","","","","","0","","","","","","","","","","","","","","Kitchen","5f4f6bb8b1d65d000643aeb1","","","","20.50","",""
"SM04","","SM04 Mee Curry Special","Noodles","Fixed","","16.00","","","","","","","0","","","","","","","","","","","","","","Kitchen","5f4f6ba97cd7e40006dee376","","","","21.50","",""
"JI05","","SOUP ADD ON","NASI AYAM","Fixed","","1.00","","","","","","","0","","","","","","","","","","","","","","Kitchen","669e76f82d6120000700509d","","","","","",""
"B38","","STING Ginseng","CAN/BEVERAGES","Fixed","","3.50","","","","","","","0","","","","","","","","","","","","","","","6955f68ad7fb0e00074a53e7","","","","","",""
"S26","","Sago Cream","Dessert","Fixed","","15.00","","","","","","","0","","","","","","","","","","","","","","","68d10b931245c500085dcdad","","","","","",""
"L13","","Sambal Add On","Add on/Side dish","Fixed","","1.00","","","","","","","0","","","","","","","","","","","","","","Kitchen","62bb45eef854d300074fa981","","","1.50","","1.50",""
"L25","","Sambal Kerang","Add on/Side dish","Fixed","","4.00","","","","","","","0","","","","","","","","","","","","","","Kitchen","66c8d8091a18d80007914094","","","","","",""
"L24","","Sambal Paru","Add on/Side dish","Fixed","","4.00","","","","","","","0","","","","","","","","","","","","","","Kitchen","66c8d7e1871bd00007d4771b","","","","","",""
"L14","","Sambal Sotong","Add on/Side dish","Fixed","","5.00","","","","","","","0","","","","","","","","","","","","","","Kitchen","645c5458e1298a0007085973","","","","","",""
"L23","","Sambal Telur Rebus","Add on/Side dish","Fixed","","2.00","","","","","","","0","","","","","","","","","","","","","","Kitchen","66c8d7b937d3800007edb2d6","","","","","",""
"L26","","Sambal Udang","Add on/Side dish","Fixed","","8.00","","","","","","","0","","","","","","","","","","","","","","Kitchen","66c8d87486176d0007dca21d","","","","","",""
"B22","","Schweppes","CAN/BEVERAGES","Fixed","","3.00","","","1.97","","","","0","","","","","","","","","","","","","","","66a9a95824513b000782d312","","","","","",""
"R13","","Soto","Rice","Fixed","","10.00","","","","","","","0","","","","","","","","","","","","","","","624d31b2ef5e1f00072a2030","","","","","",""
"FDI005","","Soto with Black Tea","","Fixed","","16.50","","","","","Shopee","","0","","","","","","","","","","","","","","Kitchen","66a075706b24ba0007c5ef53","","","","16.50","",""
"L20","","Soup Add On","Add on/Side dish","Fixed","","1.00","","","","","","","0","","","","","","","","","","","","","","Kitchen","66545c1e1f1bd00007629c83","","","1.80","","1.80",""
"B21","","Sprite","CAN/BEVERAGES","Fixed","","3.00","","","1.50","","","","0","","","","","","","","","","","","","","","66a9a84a4acaaa0007d57d4a","","","","","",""
"B13","","Spritzer Bottle Big","CAN/BEVERAGES","Fixed","","4.00","","","","","","","0","","","","","","","","","","","","","","","5f3ca170abe790000649598a","","","","","",""
"B14","","Spritzer Bottle Small","CAN/BEVERAGES","Fixed","","2.00","","","","","","","0","","","","","","","","","","","","","","","5f3ca261ff1fa20006ec523d","","","","","",""
"BE14","","Steamed Bun","BREAD AND EGG","Fixed","","3.50","","","","","","","0","","","","","","","","","","","","","","","66cee7f017b785000790f7b6","","","","","",""
"K07","","Steamed Buns","SNACKS","Fixed","","2.80","","","","","","","0","","","","","","","","","","","","","","","675bf6847b138c0007e6fffa","","","","","",""
"L15","","Steamed Chicken","Add on/Side dish","Fixed","","9.90","","","","","","","0","","","","","","","","","","","","","","Kitchen","5f4e8cac3664a3000622744f","","","13.50","","13.50",""
"L28","","Sup Tulang","Add on/Side dish","Fixed","","12.00","","","","","","","0","","","","","","","","","","","","","","Kitchen","6875d78291ee820006ab11ad","","","","","",""
"P08","","Swiss Gipfel Closed","PASTRY","Fixed","","5.00","","","","","","","0","","","","","","","","","","","","","","","6317f25f23ede90008d2c3a7","","","","","",""
"RJI01","","T01 ROTI CANAI","ROTI CANAI","Fixed","","1.50","","","","","","","0","","","","","","","","","","","","","","roti canai","66a1b9e9eb5c32000739c2a0","","","","","",""
"RJI02","","T02 ROTI TELUR","ROTI CANAI","Fixed","","3.00","","","","","","","0","","","","","","","","","","","","","","roti canai","66a1ba0c1592910007ff6618","","","","","",""
"RJI03","","T03 ROTI TELUR BAWANG","ROTI CANAI","Fixed","","3.50","","","","","","","0","","","","","","","","","","","","","","roti canai","66a1ba285799a300064af029","","","","","",""
"RJI04","","T04 ROTI PISANG","ROTI CANAI","Fixed","","3.00","","","","","","","0","","","","","","","","","","","","","","roti canai","66a1ba3ff4c74c0007f3108a","","","","","",""
"RJI05","","T05 ROTI PLANTA","ROTI CANAI","Fixed","","2.80","","","","","","","0","","","","","","","","","","","","","","roti canai","66a1baae5989bf00067deb22","","","","","",""
"RJI06","","T06 ROTI BOM","ROTI CANAI","Fixed","","3.00","","","","","","","0","","","","","","","","","","","","","","roti canai","66a1baf55799a300064b13bd","","","","","",""
"RJI07","","T07 ROTI KAYA","ROTI CANAI","Fixed","","2.80","","","","","","","0","","","","","","","","","","","","","","roti canai","66a1bb1ef48eee00063ead82","","","","","",""
"RJI08","","T08 ROTI TISSUE","ROTI CANAI","Fixed","","3.50","","","","","","","0","","","","","","","","","","","","","","roti canai","66a1bb3e4acaaa00071352ac","","","","","",""
"RJI09","","T09 ROTI BAWANG","ROTI CANAI","Fixed","","2.80","","","","","","","0","","","","","","","","","","","","","","roti canai","66a1bc274acaaa0007137361","","","","","",""
"RJI10","","T10 ROTI SARDIN","ROTI CANAI","Fixed","","5.00","","","","","","","0","","","","","","","","","","","","","","roti canai","66a1bc495989bf00067e2466","","","","","",""
"RJI12","","T11 ROTI SUSU","ROTI CANAI","Fixed","","3.00","","","","","","","0","","","","","","","","","","","","","","roti canai","66a1bc8ac880270007534beb","","","","","",""
"RJI13","","T12 ROTI CHEESE","ROTI CANAI","Fixed","","4.00","","","","","","","0","","","","","","","","","","","","","","roti canai","66a1bca926d4bd0007d1a891","","","","","",""
"RJI14","","T13 ROTI PLASTER","ROTI CANAI","Fixed","","2.80","","","","","","","0","","","","","","","","","","","","","","roti canai","66a1bcd2303b2e00074d8329","","","","","",""
"RJI15","","T14 ROTI MILO","ROTI CANAI","Fixed","","3.50","","","","","","","0","","","","","","","","","","","","","","roti canai","66a1bd3feb5c3200073a3f46","","","","","",""
"RJI26","","T15 MURTABAK DAGING","ROTI CANAI","Fixed","","10.00","","","","","","","0","","","","","","","","","","","","","","Kitchen","67c2e50f7ba288000788a57a","","","","","",""
"RJI25","","T16 MURTABAK AYAM","ROTI CANAI","Fixed","","8.00","","","","","","","0","","","","","","","","","","","","","","Kitchen","67c2e39be497be0007343e20","","","","","",""
"JI06","","TAUGEH GORENG","NASI AYAM","Fixed","","6.00","","","","","","","0","","","","","","","","","","","","","","Kitchen","669e771ad07f610007fb1896","","","","","",""
"B25","","TEH @ JLN IPOH","CAN/BEVERAGES","Fixed","","2.00","","","","","","","0","","","","","","","","","","","","","","","66b728b310b2eb00065594b5","","","","","",""
"SJI05","","TELUR SEPARUH MASAK","SARAPAN","Fixed","","3.50","","","","","","","0","","","","","","","","","","","","","","","669e816b4d85b10007ba8db2","","","","","",""
"S23","","TOREN WAFER","Dessert","Fixed","","3.50","","","","","","","0","","","","","","","","","","","","","","","68a59248df7d1b000757e138","","","","","",""
"D08","","Teh","Local Drinks","Fixed","","2.20","","","","","","","0","","","","","","","","","","","","","","bar","5f1f8fa35dca33000674f5fe","","","","","",""
"FDI017","","Teh O","","Fixed","","2.20","","","","","","","0","","","","","","","","","","","","","","bar","66a07be79e388000072e2f50","","","3.70","","3.70",""
"D09","","Teh O Ais Promo","Local Drinks","Fixed","","2.50","","","","","","","0","","","","","","","","","","","","","","","63101004f80e4200084ccc3a","","","","","",""
"L16","","Telur Dadar","Add on/Side dish","Fixed","","1.50","","","","","","","0","","","","","","","","","","","","","","Kitchen","6566e6c54f78bb0007ac8e00","","","","","",""
"L17","","Telur Goreng","Add on/Side dish","Fixed","","1.50","","","","","","","0","","","","","","","","","","","","","","Kitchen","5f4e8cc2fa9df60006d50f08","","","","","",""
"S22","","Tiramisu","Dessert","Fixed","","20.00","","","","","","","0","","","","","","","","","","","","","","","68679d1bf076f70007c473e8","","","","","",""
"K16","","Tofiluk Choc Caramel Biscuit","SNACKS","Fixed","","1.00","","","","","","","0","","","","","","","","","","","","","","","6909d7c02ca6f400075f9ac3","","","","","",""
"B41","","Tropicana Twister 355ml","CAN/BEVERAGES","Fixed","","3.00","","","","","","","0","","","","","","","","","","","","","","","6963766f87e0780007419a95","","","","","",""
"K11","","Ubi Kayu With Sambal (3 pcs)","SNACKS","Fixed","","4.00","","","","","","","0","","","","","","","","","","","","","","","687077bfa1ea3a0007dcef9c","","","","","",""
"S17","","Unicorn Choco Albab","Dessert","Fixed","","8.00","","","","","","","0","","","","","","","","","","","","","","","6582bdf8fc1b7700070c019a","","","","","",""
"B28","","VITAGEN 125ML","CAN/BEVERAGES","Fixed","","1.20","","","","","","","0","","","","","","","","","","","","","","","66cede22633ef50007947193","","","","","",""
"B15","","Vanilla Coke","CAN/BEVERAGES","Fixed","","3.00","","","","","","","0","","","","","","","","","","","","","","","5f3ca1ac86f8000006134230","","","","","",""
"S15","","Victoria Sandwich Cake","Dessert","Fixed","","11.50","","","9.38","","Dessert","","0","","","","","","","","","","","","","","","64a69455ca18a70008d499d2","","","","","",""
"FDI002","","Wantan Noodle Soup with Black Tea","","Fixed","","16.50","","","","","Shopee","","0","","","","","","","","","","","","","","Kitchen","66a074849ad20100071f8641","","","","16.50","",""
"L18","","Wantan Soup","Add on/Side dish","Fixed","","6.00","","","","","","","0","","","","","","","","","","","","","","Kitchen","5f4e8ced7cd7e40006cf8bbd","","","","","",""
"DD2","","Warm Water","Local Drinks","Fixed","","0.30","","","","","","","0","","","","","","","","","","","","","","","5f548d9b9a8b2e000664eabc","","","","","",""
"B16","","Yeos","CAN/BEVERAGES","Fixed","","2.50","","","","","","","0","","","","","","","","","","","","","","","5f3ca1bb86f80000061344ef","","","","","",""
"L19","","curry chicken","Add on/Side dish","Fixed","","7.00","","","","","","","0","","","","","","","","","","","","","","Kitchen","64ff8333a01b5700077ed3fd","","","","","",""
